{
    "now": "2025-04-14T08:07:16.092Z",
    "perfNow": 20323.10000000894,
    "diagnosticCorrelation": "60e8d267-c660-453b-b807-401e3f917568",
    "source": "DownloadSupportFiles",
    "environment": {
        "productName": "adf",
        "buildVersion": "1.0.033125.0",
        "environmentType": 3,
        "resourceName": "adf-nyc-taxi-priya",
        "resourceRegion": "eastus",
        "resourceGroup": "RG-nyctaxi",
        "subscriptionId": "916268df-cb7f-4d29-96fc-6a4a77debce4",
        "sessionId": "HK0QtrE0g1fSgufKhOPFZV",
        "operationId": "",
        "gitType": "live",
        "loggingKey": "4a56b1bf-e5f0-459d-a5c0-50c6e6e58327"
    },
    "additionalInfo": {
        "selectedResource": "nycWebtoDL",
        "selectedResourceType": "pipeline"
    }
}